reference,executed_at,symbol,direction,qty,unit_price,total,status
T-1001,2025-07-01 09:15:00,BTC-USD,B,0.5,62000,31000.00,SETTLED
T-1002,2025-07-01 11:00:00,BTC-USD,S,0.10,63500.00,6350.01,SETTLED
T-1003,2025-07-01 12:30:35,ETH-USD,B,2.00,3450.00,6900.00,SETTLED
T-1005,2025-07-02 10:00:00,ETH-USD,S,5.00,3550.00,17750.00,SETTLED
T-1006,2025-07-02 17:00:00,SOL-USD,B,50.00,150.00,7500.00,SETTLED
T-1007,2025-07-03 09:00:00,SOL-USD,S,20.00,148.00,2960.00,CANCELLED
T-1008,2025-07-03 10:00:00,BTC-USD,B,0.05,64500.00,3225.00,SETTLED
T-1009,2025-07-04 09:00:00,ETH-USD,B,1.00,3400.00,3400.00,SETTLED
C-9001,2025-07-06 11:20:00,BTC-USD,B,0.15,63100,9465.00,SETTLED
